match_id,match_date,season_year,venue_name
419122,2010-03-19,2010,Barabati Stadium
419125,2010-03-21,2010,Barabati Stadium
548340,2012-04-22,2012,Barabati Stadium
548353,2012-05-01,2012,Barabati Stadium
733992,2014-05-07,2014,Barabati Stadium
734002,2014-05-11,2014,Barabati Stadium
734014,2014-05-14,2014,Barabati Stadium
419112,2010-03-13,2010,Brabourne Stadium
419124,2010-03-20,2010,Brabourne Stadium
419127,2010-03-22,2010,Brabourne Stadium
419130,2010-03-25,2010,Brabourne Stadium
419137,2010-03-30,2010,Brabourne Stadium
419143,2010-04-03,2010,Brabourne Stadium
419157,2010-04-13,2010,Brabourne Stadium
734050,2014-05-28,2014,Brabourne Stadium
829782,2015-05-03,2015,Brabourne Stadium
829792,2015-05-07,2015,Brabourne Stadium
829816,2015-05-16,2015,Brabourne Stadium
392208,2009-05-01,2009,Buffalo Park
392214,2009-05-04,2009,Buffalo Park
392220,2009-05-08,2009,Buffalo Park
392221,2009-05-09,2009,De Beers Diamond Oval
392222,2009-05-09,2009,De Beers Diamond Oval
392225,2009-05-11,2009,De Beers Diamond Oval
335999,2008-04-27,2008,Dr DY Patil Sports Academy
336009,2008-05-04,2008,Dr DY Patil Sports Academy
336013,2008-05-07,2008,Dr DY Patil Sports Academy
336045,2008-06-01,2008,Dr DY Patil Sports Academy
419111,2010-03-12,2010,Dr DY Patil Sports Academy
419135,2010-03-28,2010,Dr DY Patil Sports Academy
419167,2010-04-21,2010,Dr DY Patil Sports Academy
419168,2010-04-22,2010,Dr DY Patil Sports Academy
419169,2010-04-24,2010,Dr DY Patil Sports Academy
419170,2010-04-25,2010,Dr DY Patil Sports Academy
501207,2011-04-10,2011,Dr DY Patil Sports Academy
501212,2011-04-13,2011,Dr DY Patil Sports Academy
501218,2011-04-17,2011,Dr DY Patil Sports Academy
501233,2011-04-27,2011,Dr DY Patil Sports Academy
501246,2011-05-04,2011,Dr DY Patil Sports Academy
501264,2011-05-16,2011,Dr DY Patil Sports Academy
501267,2011-05-19,2011,Dr DY Patil Sports Academy
548316,2012-04-07,2012,Dr. Y.S. Rajasekhara Reddy ACA-VDCA Cricket Stadium
548319,2012-04-09,2012,Dr. Y.S. Rajasekhara Reddy ACA-VDCA Cricket Stadium
829732,2015-04-16,2015,Dr. Y.S. Rajasekhara Reddy ACA-VDCA Cricket Stadium
829736,2015-04-18,2015,Dr. Y.S. Rajasekhara Reddy ACA-VDCA Cricket Stadium
829748,2015-04-22,2015,Dr. Y.S. Rajasekhara Reddy ACA-VDCA Cricket Stadium
980978,2016-05-08,2016,Dr. Y.S. Rajasekhara Reddy ACA-VDCA Cricket Stadium
980984,2016-05-10,2016,Dr. Y.S. Rajasekhara Reddy ACA-VDCA Cricket Stadium
980990,2016-05-13,2016,Dr. Y.S. Rajasekhara Reddy ACA-VDCA Cricket Stadium
980998,2016-05-15,2016,Dr. Y.S. Rajasekhara Reddy ACA-VDCA Cricket Stadium
981002,2016-05-17,2016,Dr. Y.S. Rajasekhara Reddy ACA-VDCA Cricket Stadium
981010,2016-05-21,2016,Dr. Y.S. Rajasekhara Reddy ACA-VDCA Cricket Stadium
729292,2014-04-19,2014,Dubai International Cricket Stadium
729294,2014-04-19,2014,Dubai International Cricket Stadium
729302,2014-04-23,2014,Dubai International Cricket Stadium
729306,2014-04-25,2014,Dubai International Cricket Stadium
729308,2014-04-25,2014,Dubai International Cricket Stadium
729318,2014-04-28,2014,Dubai International Cricket Stadium
729322,2014-04-30,2014,Dubai International Cricket Stadium
335991,2008-04-20,2008,Eden Gardens
336002,2008-04-29,2008,Eden Gardens
336015,2008-05-08,2008,Eden Gardens
336022,2008-05-13,2008,Eden Gardens
336030,2008-05-18,2008,Eden Gardens
336032,2008-05-20,2008,Eden Gardens
336040,2008-05-25,2008,Eden Gardens
419114,2010-03-14,2010,Eden Gardens
419118,2010-03-16,2010,Eden Gardens
419140,2010-04-01,2010,Eden Gardens
419144,2010-04-04,2010,Eden Gardens
419149,2010-04-07,2010,Eden Gardens
419163,2010-04-17,2010,Eden Gardens
419166,2010-04-19,2010,Eden Gardens
501208,2011-04-11,2011,Eden Gardens
501219,2011-04-17,2011,Eden Gardens
501224,2011-04-20,2011,Eden Gardens
501227,2011-04-22,2011,Eden Gardens
501239,2011-04-30,2011,Eden Gardens
501250,2011-05-07,2011,Eden Gardens
501272,2011-05-22,2011,Eden Gardens
548312,2012-04-05,2012,Eden Gardens
548325,2012-04-13,2012,Eden Gardens
548328,2012-04-15,2012,Eden Gardens
548349,2012-04-28,2012,Eden Gardens
548358,2012-05-05,2012,Eden Gardens
548368,2012-05-12,2012,Eden Gardens
548373,2012-05-14,2012,Eden Gardens
598003,2013-04-03,2013,Eden Gardens
598018,2013-04-14,2013,Eden Gardens
598027,2013-04-20,2013,Eden Gardens
598034,2013-04-24,2013,Eden Gardens
598036,2013-04-26,2013,Eden Gardens
598048,2013-05-03,2013,Eden Gardens
598077,2013-05-24,2013,Eden Gardens
598078,2013-05-26,2013,Eden Gardens
734028,2014-05-20,2014,Eden Gardens
734032,2014-05-22,2014,Eden Gardens
734042,2014-05-24,2014,Eden Gardens
734048,2014-05-27,2014,Eden Gardens
829710,2015-04-08,2015,Eden Gardens
829718,2015-04-11,2015,Eden Gardens
829728,2015-04-30,2015,Eden Gardens
829766,2015-05-07,2015,Eden Gardens
829786,2015-05-04,2015,Eden Gardens
829796,2015-05-09,2015,Eden Gardens
829828,2015-05-24,2015,Eden Gardens
980908,2016-04-10,2016,Eden Gardens
980914,2016-04-13,2016,Eden Gardens
980968,2016-05-04,2016,Eden Gardens
980980,2016-05-08,2016,Eden Gardens
980994,2016-05-14,2016,Eden Gardens
981000,2016-05-16,2016,Eden Gardens
981014,2016-05-22,2016,Eden Gardens
1082601,2017-04-13,2017,Eden Gardens
1082604,2017-04-15,2017,Eden Gardens
1082613,2017-04-21,2017,Eden Gardens
1082617,2017-04-23,2017,Eden Gardens
1082622,2017-04-28,2017,Eden Gardens
1082631,2017-05-03,2017,Eden Gardens
1082644,2017-05-13,2017,Eden Gardens
335989,2008-04-19,2008,Feroz Shah Kotla
336003,2008-04-30,2008,Feroz Shah Kotla
336014,2008-05-08,2008,Feroz Shah Kotla
336025,2008-05-15,2008,Feroz Shah Kotla
336027,2008-05-17,2008,Feroz Shah Kotla
336037,2008-05-24,2008,Feroz Shah Kotla
419119,2010-03-17,2010,Feroz Shah Kotla
419121,2010-03-19,2010,Feroz Shah Kotla
419136,2010-03-29,2010,Feroz Shah Kotla
419139,2010-03-31,2010,Feroz Shah Kotla
419145,2010-04-04,2010,Feroz Shah Kotla
419154,2010-04-11,2010,Feroz Shah Kotla
419165,2010-04-18,2010,Feroz Shah Kotla
501206,2011-04-10,2011,Feroz Shah Kotla
501221,2011-04-19,2011,Feroz Shah Kotla
501228,2011-04-23,2011,Feroz Shah Kotla
501232,2011-04-26,2011,Feroz Shah Kotla
501235,2011-04-28,2011,Feroz Shah Kotla
501243,2011-05-02,2011,Feroz Shah Kotla
501270,2011-05-21,2011,Feroz Shah Kotla
548321,2012-04-10,2012,Feroz Shah Kotla
548326,2012-04-19,2012,Feroz Shah Kotla
548338,2012-04-21,2012,Feroz Shah Kotla
548347,2012-04-27,2012,Feroz Shah Kotla
548350,2012-04-29,2012,Feroz Shah Kotla
548362,2012-05-07,2012,Feroz Shah Kotla
548374,2012-05-15,2012,Feroz Shah Kotla
548377,2012-05-17,2012,Feroz Shah Kotla
598006,2013-04-06,2013,Feroz Shah Kotla
598015,2013-04-12,2013,Feroz Shah Kotla
598025,2013-04-18,2013,Feroz Shah Kotla
598029,2013-04-21,2013,Feroz Shah Kotla
598059,2013-05-10,2013,Feroz Shah Kotla
598064,2013-04-23,2013,Feroz Shah Kotla
598075,2013-05-21,2013,Feroz Shah Kotla
598076,2013-05-22,2013,Feroz Shah Kotla
733980,2014-05-03,2014,Feroz Shah Kotla
733986,2014-05-05,2014,Feroz Shah Kotla
733990,2014-05-07,2014,Feroz Shah Kotla
733998,2014-05-10,2014,Feroz Shah Kotla
734024,2014-05-19,2014,Feroz Shah Kotla
829720,2015-04-12,2015,Feroz Shah Kotla
829744,2015-04-20,2015,Feroz Shah Kotla
829752,2015-04-23,2015,Feroz Shah Kotla
829762,2015-04-26,2015,Feroz Shah Kotla
829772,2015-05-01,2015,Feroz Shah Kotla
980918,2016-04-15,2016,Feroz Shah Kotla
980938,2016-04-23,2016,Feroz Shah Kotla
980950,2016-04-27,2016,Feroz Shah Kotla
980956,2016-04-30,2016,Feroz Shah Kotla
980970,2016-05-05,2016,Feroz Shah Kotla
981020,2016-05-25,2016,Feroz Shah Kotla
981022,2016-05-27,2016,Feroz Shah Kotla
1082605,2017-04-15,2017,Feroz Shah Kotla
1082608,2017-04-17,2017,Feroz Shah Kotla
1082630,2017-05-02,2017,Feroz Shah Kotla
1082632,2017-05-04,2017,Feroz Shah Kotla
1082635,2017-05-06,2017,Feroz Shah Kotla
1082642,2017-05-12,2017,Feroz Shah Kotla
1082646,2017-05-14,2017,Feroz Shah Kotla
981006,2016-05-19,2016,Green Park
981012,2016-05-21,2016,Green Park
1082640,2017-05-10,2017,Green Park
1082643,2017-05-13,2017,Green Park
419161,2010-04-16,2010,Himachal Pradesh Cricket Association Stadium
419164,2010-04-18,2010,Himachal Pradesh Cricket Association Stadium
501262,2011-05-15,2011,Himachal Pradesh Cricket Association Stadium
501265,2011-05-17,2011,Himachal Pradesh Cricket Association Stadium
501269,2011-05-21,2011,Himachal Pradesh Cricket Association Stadium
548376,2012-05-17,2012,Himachal Pradesh Cricket Association Stadium
548379,2012-05-19,2012,Himachal Pradesh Cricket Association Stadium
598033,2013-05-16,2013,Himachal Pradesh Cricket Association Stadium
598071,2013-05-18,2013,Himachal Pradesh Cricket Association Stadium
501259,2011-05-13,2011,Holkar Cricket Stadium
501263,2011-05-15,2011,Holkar Cricket Stadium
1082594,2017-04-08,2017,Holkar Cricket Stadium
1082598,2017-04-10,2017,Holkar Cricket Stadium
1082612,2017-04-20,2017,Holkar Cricket Stadium
598062,2013-05-12,2013,JSCA International Stadium Complex
598066,2013-05-15,2013,JSCA International Stadium Complex
733976,2014-05-02,2014,JSCA International Stadium Complex
734008,2014-05-13,2014,JSCA International Stadium Complex
734018,2014-05-18,2014,JSCA International Stadium Complex
734034,2014-05-22,2014,JSCA International Stadium Complex
829826,2015-05-22,2015,JSCA International Stadium Complex
392191,2009-04-21,2009,Kingsmead
392194,2009-04-23,2009,Kingsmead
392196,2009-04-24,2009,Kingsmead
392197,2009-04-25,2009,Kingsmead
392201,2009-04-27,2009,Kingsmead
392204,2009-04-29,2009,Kingsmead
392205,2009-04-29,2009,Kingsmead
392209,2009-05-01,2009,Kingsmead
392215,2009-05-05,2009,Kingsmead
392216,2009-05-05,2009,Kingsmead
392228,2009-05-13,2009,Kingsmead
392229,2009-05-14,2009,Kingsmead
392230,2009-05-14,2009,Kingsmead
392238,2009-05-20,2009,Kingsmead
392239,2009-05-20,2009,Kingsmead
335987,2008-04-18,2008,M Chinnaswamy Stadium
335997,2008-04-26,2008,M Chinnaswamy Stadium
336001,2008-04-28,2008,M Chinnaswamy Stadium
336011,2008-05-05,2008,M Chinnaswamy Stadium
336017,2008-05-28,2008,M Chinnaswamy Stadium
336031,2008-05-19,2008,M Chinnaswamy Stadium
336039,2008-05-03,2008,M Chinnaswamy Stadium
419117,2010-03-16,2010,M Chinnaswamy Stadium
419120,2010-03-18,2010,M Chinnaswamy Stadium
419128,2010-03-23,2010,M Chinnaswamy Stadium
419133,2010-03-25,2010,M Chinnaswamy Stadium
419150,2010-04-08,2010,M Chinnaswamy Stadium
419153,2010-04-10,2010,M Chinnaswamy Stadium
419162,2010-04-17,2010,M Chinnaswamy Stadium
501210,2011-04-12,2011,M Chinnaswamy Stadium
501237,2011-04-29,2011,M Chinnaswamy Stadium
501249,2011-05-06,2011,M Chinnaswamy Stadium
501252,2011-05-08,2011,M Chinnaswamy Stadium
501260,2011-05-14,2011,M Chinnaswamy Stadium
501271,2011-05-22,2011,M Chinnaswamy Stadium
548315,2012-04-07,2012,M Chinnaswamy Stadium
548320,2012-04-10,2012,M Chinnaswamy Stadium
548329,2012-04-15,2012,M Chinnaswamy Stadium
548332,2012-04-17,2012,M Chinnaswamy Stadium
548355,2012-05-02,2012,M Chinnaswamy Stadium
548361,2012-05-06,2012,M Chinnaswamy Stadium
548372,2012-05-14,2012,M Chinnaswamy Stadium
548384,2012-05-23,2012,M Chinnaswamy Stadium
598004,2013-04-04,2013,M Chinnaswamy Stadium
598013,2013-04-11,2013,M Chinnaswamy Stadium
598022,2013-04-16,2013,M Chinnaswamy Stadium
598028,2013-04-20,2013,M Chinnaswamy Stadium
598032,2013-04-23,2013,M Chinnaswamy Stadium
598050,2013-05-14,2013,M Chinnaswamy Stadium
598053,2013-04-09,2013,M Chinnaswamy Stadium
598073,2013-05-18,2013,M Chinnaswamy Stadium
733982,2014-05-04,2014,M Chinnaswamy Stadium
733996,2014-05-09,2014,M Chinnaswamy Stadium
734004,2014-05-11,2014,M Chinnaswamy Stadium
734010,2014-05-13,2014,M Chinnaswamy Stadium
734040,2014-05-24,2014,M Chinnaswamy Stadium
734054,2014-06-01,2014,M Chinnaswamy Stadium
829724,2015-04-13,2015,M Chinnaswamy Stadium
829742,2015-04-19,2015,M Chinnaswamy Stadium
829750,2015-04-22,2015,M Chinnaswamy Stadium
829768,2015-04-29,2015,M Chinnaswamy Stadium
829776,2015-05-02,2015,M Chinnaswamy Stadium
829790,2015-05-06,2015,M Chinnaswamy Stadium
829818,2015-05-17,2015,M Chinnaswamy Stadium
980912,2016-04-12,2016,M Chinnaswamy Stadium
980926,2016-04-17,2016,M Chinnaswamy Stadium
980964,2016-05-02,2016,M Chinnaswamy Stadium
980974,2016-05-07,2016,M Chinnaswamy Stadium
980986,2016-05-11,2016,M Chinnaswamy Stadium
980992,2016-05-14,2016,M Chinnaswamy Stadium
981004,2016-05-18,2016,M Chinnaswamy Stadium
981018,2016-05-24,2016,M Chinnaswamy Stadium
981024,2016-05-29,2016,M Chinnaswamy Stadium
1082595,2017-04-08,2017,M Chinnaswamy Stadium
1082602,2017-04-14,2017,M Chinnaswamy Stadium
1082607,2017-04-16,2017,M Chinnaswamy Stadium
1082621,2017-04-27,2017,M Chinnaswamy Stadium
1082633,2017-05-05,2017,M Chinnaswamy Stadium
1082636,2017-05-07,2017,M Chinnaswamy Stadium
1082648,2017-05-17,2017,M Chinnaswamy Stadium
1082649,2017-05-19,2017,M Chinnaswamy Stadium
1082619,2017-04-25,2017,M Chinnaswamy Stadium
335994,2008-04-23,2008,MA Chidambaram Stadium Chepauk
335998,2008-04-26,2008,MA Chidambaram Stadium Chepauk
336006,2008-05-02,2008,MA Chidambaram Stadium Chepauk
336012,2008-05-06,2008,MA Chidambaram Stadium Chepauk
336018,2008-05-10,2008,MA Chidambaram Stadium Chepauk
336034,2008-05-21,2008,MA Chidambaram Stadium Chepauk
336038,2008-05-24,2008,MA Chidambaram Stadium Chepauk
419115,2010-03-14,2010,MA Chidambaram Stadium Chepauk
419126,2010-03-21,2010,MA Chidambaram Stadium Chepauk
419138,2010-03-31,2010,MA Chidambaram Stadium Chepauk
419142,2010-04-03,2010,MA Chidambaram Stadium Chepauk
419147,2010-04-06,2010,MA Chidambaram Stadium Chepauk
419158,2010-04-13,2010,MA Chidambaram Stadium Chepauk
419160,2010-04-15,2010,MA Chidambaram Stadium Chepauk
501203,2011-04-08,2011,MA Chidambaram Stadium Chepauk
501216,2011-04-16,2011,MA Chidambaram Stadium Chepauk
501231,2011-04-25,2011,MA Chidambaram Stadium Chepauk
501241,2011-05-01,2011,MA Chidambaram Stadium Chepauk
501245,2011-05-04,2011,MA Chidambaram Stadium Chepauk
501258,2011-05-12,2011,MA Chidambaram Stadium Chepauk
501266,2011-05-18,2011,MA Chidambaram Stadium Chepauk
501275,2011-05-27,2011,MA Chidambaram Stadium Chepauk
501276,2011-05-28,2011,MA Chidambaram Stadium Chepauk
548311,2012-04-04,2012,MA Chidambaram Stadium Chepauk
548323,2012-04-12,2012,MA Chidambaram Stadium Chepauk
548335,2012-04-19,2012,MA Chidambaram Stadium Chepauk
548337,2012-04-21,2012,MA Chidambaram Stadium Chepauk
548348,2012-04-28,2012,MA Chidambaram Stadium Chepauk
548352,2012-04-30,2012,MA Chidambaram Stadium Chepauk
548357,2012-05-04,2012,MA Chidambaram Stadium Chepauk
548369,2012-05-12,2012,MA Chidambaram Stadium Chepauk
548385,2012-05-25,2012,MA Chidambaram Stadium Chepauk
548386,2012-05-27,2012,MA Chidambaram Stadium Chepauk
598007,2013-04-06,2013,MA Chidambaram Stadium Chepauk
598017,2013-04-13,2013,MA Chidambaram Stadium Chepauk
598020,2013-04-15,2013,MA Chidambaram Stadium Chepauk
598031,2013-04-22,2013,MA Chidambaram Stadium Chepauk
598035,2013-04-25,2013,MA Chidambaram Stadium Chepauk
598039,2013-04-28,2013,MA Chidambaram Stadium Chepauk
598046,2013-05-02,2013,MA Chidambaram Stadium Chepauk
598067,2013-05-14,2013,MA Chidambaram Stadium Chepauk
829712,2015-04-09,2015,MA Chidambaram Stadium Chepauk
829716,2015-04-11,2015,MA Chidambaram Stadium Chepauk
829758,2015-04-25,2015,MA Chidambaram Stadium Chepauk
829770,2015-04-28,2015,MA Chidambaram Stadium Chepauk
829784,2015-05-04,2015,MA Chidambaram Stadium Chepauk
829794,2015-05-08,2015,MA Chidambaram Stadium Chepauk
829802,2015-05-10,2015,MA Chidambaram Stadium Chepauk
829714,2015-04-10,2015,Maharashtra Cricket Association Stadium
829730,2015-04-15,2015,Maharashtra Cricket Association Stadium
829738,2015-04-18,2015,Maharashtra Cricket Association Stadium
829824,2015-05-20,2015,Maharashtra Cricket Association Stadium
980936,2016-04-22,2016,Maharashtra Cricket Association Stadium
980944,2016-04-24,2016,Maharashtra Cricket Association Stadium
980954,2016-04-29,2016,Maharashtra Cricket Association Stadium
980962,2016-05-01,2016,Maharashtra Cricket Association Stadium
1082592,2017-04-06,2017,Maharashtra Cricket Association Stadium
1082599,2017-04-11,2017,Maharashtra Cricket Association Stadium
1082615,2017-04-22,2017,Maharashtra Cricket Association Stadium
1082620,2017-04-26,2017,Maharashtra Cricket Association Stadium
1082624,2017-04-29,2017,Maharashtra Cricket Association Stadium
1082629,2017-05-01,2017,Maharashtra Cricket Association Stadium
1082645,2017-05-14,2017,Maharashtra Cricket Association Stadium
501205,2011-04-09,2011,Nehru Stadium
501220,2011-04-18,2011,Nehru Stadium
501234,2011-04-27,2011,Nehru Stadium
501238,2011-04-30,2011,Nehru Stadium
501247,2011-05-05,2011,Nehru Stadium
392211,2009-05-02,2009,New Wanderers Stadium
392213,2009-05-03,2009,New Wanderers Stadium
392224,2009-05-10,2009,New Wanderers Stadium
392233,2009-05-16,2009,New Wanderers Stadium
392234,2009-05-17,2009,New Wanderers Stadium
392237,2009-05-19,2009,New Wanderers Stadium
392243,2009-05-23,2009,New Wanderers Stadium
392244,2009-05-24,2009,New Wanderers Stadium
392186,2009-04-18,2009,Newlands
392187,2009-04-18,2009,Newlands
392188,2009-04-19,2009,Newlands
392189,2009-04-19,2009,Newlands
392193,2009-04-22,2009,Newlands
392195,2009-04-23,2009,Newlands
392200,2009-04-26,2009,Newlands
392231,2009-05-15,2009,OUTsurance Oval
392235,2009-05-17,2009,OUTsurance Oval
980910,2016-04-11,2016,Punjab Cricket Association Stadium
980924,2016-04-17,2016,Punjab Cricket Association Stadium
980930,2016-04-19,2016,Punjab Cricket Association Stadium
980946,2016-04-25,2016,Punjab Cricket Association Stadium
980976,2016-05-07,2016,Punjab Cricket Association Stadium
980982,2016-05-09,2016,Punjab Cricket Association Stadium
980996,2016-05-15,2016,Punjab Cricket Association Stadium
1082623,2017-04-28,2017,Punjab Cricket Association Stadium
1082626,2017-04-30,2017,Punjab Cricket Association Stadium
1082637,2017-05-07,2017,Punjab Cricket Association Stadium
1082639,2017-05-09,2017,Punjab Cricket Association Stadium
335988,2008-04-19,2008,Punjab Cricket Association Stadium
335996,2008-04-25,2008,Punjab Cricket Association Stadium
336000,2008-04-27,2008,Punjab Cricket Association Stadium
336008,2008-05-03,2008,Punjab Cricket Association Stadium
336021,2008-05-12,2008,Punjab Cricket Association Stadium
336024,2008-05-28,2008,Punjab Cricket Association Stadium
336036,2008-05-23,2008,Punjab Cricket Association Stadium
419113,2010-03-13,2010,Punjab Cricket Association Stadium
419129,2010-03-24,2010,Punjab Cricket Association Stadium
419132,2010-03-27,2010,Punjab Cricket Association Stadium
419141,2010-04-02,2010,Punjab Cricket Association Stadium
419151,2010-04-09,2010,Punjab Cricket Association Stadium
501211,2011-04-13,2011,Punjab Cricket Association Stadium
501225,2011-04-21,2011,Punjab Cricket Association Stadium
501253,2011-05-08,2011,Punjab Cricket Association Stadium
501256,2011-05-10,2011,Punjab Cricket Association Stadium
548324,2012-04-12,2012,Punjab Cricket Association Stadium
548333,2012-04-18,2012,Punjab Cricket Association Stadium
548336,2012-04-20,2012,Punjab Cricket Association Stadium
548344,2012-04-25,2012,Punjab Cricket Association Stadium
548359,2012-05-05,2012,Punjab Cricket Association Stadium
548371,2012-05-13,2012,Punjab Cricket Association Stadium
598012,2013-04-10,2013,Punjab Cricket Association Stadium
598021,2013-04-16,2013,Punjab Cricket Association Stadium
598030,2013-04-21,2013,Punjab Cricket Association Stadium
598057,2013-05-09,2013,Punjab Cricket Association Stadium
598061,2013-05-11,2013,Punjab Cricket Association Stadium
598069,2013-05-06,2013,Punjab Cricket Association Stadium
734030,2014-05-21,2014,Punjab Cricket Association Stadium
734038,2014-05-23,2014,Punjab Cricket Association Stadium
734044,2014-05-25,2014,Punjab Cricket Association Stadium
829764,2015-04-27,2015,Punjab Cricket Association Stadium
829780,2015-05-03,2015,Punjab Cricket Association Stadium
829808,2015-05-13,2015,Punjab Cricket Association Stadium
829814,2015-05-16,2015,Punjab Cricket Association Stadium
335993,2008-04-22,2008,Rajiv Gandhi International Stadium Uppal
335995,2008-04-24,2008,Rajiv Gandhi International Stadium Uppal
336004,2008-05-01,2008,Rajiv Gandhi International Stadium Uppal
336007,2008-05-25,2008,Rajiv Gandhi International Stadium Uppal
336019,2008-05-11,2008,Rajiv Gandhi International Stadium Uppal
336029,2008-05-18,2008,Rajiv Gandhi International Stadium Uppal
336042,2008-05-27,2008,Rajiv Gandhi International Stadium Uppal
501204,2011-04-09,2011,Rajiv Gandhi International Stadium Uppal
501213,2011-04-14,2011,Rajiv Gandhi International Stadium Uppal
501217,2011-04-16,2011,Rajiv Gandhi International Stadium Uppal
501229,2011-04-24,2011,Rajiv Gandhi International Stadium Uppal
501244,2011-05-03,2011,Rajiv Gandhi International Stadium Uppal
501248,2011-05-05,2011,Rajiv Gandhi International Stadium Uppal
501255,2011-05-10,2011,Rajiv Gandhi International Stadium Uppal
548334,2012-05-10,2012,Rajiv Gandhi International Stadium Uppal
548364,2012-05-08,2012,Rajiv Gandhi International Stadium Uppal
548378,2012-05-18,2012,Rajiv Gandhi International Stadium Uppal
548381,2012-05-20,2012,Rajiv Gandhi International Stadium Uppal
598005,2013-04-05,2013,Rajiv Gandhi International Stadium Uppal
598009,2013-04-07,2013,Rajiv Gandhi International Stadium Uppal
598026,2013-04-19,2013,Rajiv Gandhi International Stadium Uppal
598044,2013-05-01,2013,Rajiv Gandhi International Stadium Uppal
598049,2013-05-04,2013,Rajiv Gandhi International Stadium Uppal
598056,2013-05-08,2013,Rajiv Gandhi International Stadium Uppal
598070,2013-05-17,2013,Rajiv Gandhi International Stadium Uppal
598074,2013-05-19,2013,Rajiv Gandhi International Stadium Uppal
734006,2014-05-12,2014,Rajiv Gandhi International Stadium Uppal
734012,2014-05-14,2014,Rajiv Gandhi International Stadium Uppal
734020,2014-05-18,2014,Rajiv Gandhi International Stadium Uppal
734026,2014-05-20,2014,Rajiv Gandhi International Stadium Uppal
829778,2015-05-02,2015,Rajiv Gandhi International Stadium Uppal
829804,2015-05-11,2015,Rajiv Gandhi International Stadium Uppal
829812,2015-05-15,2015,Rajiv Gandhi International Stadium Uppal
829820,2015-05-17,2015,Rajiv Gandhi International Stadium Uppal
980920,2016-04-16,2016,Rajiv Gandhi International Stadium Uppal
980928,2016-04-18,2016,Rajiv Gandhi International Stadium Uppal
980940,2016-04-23,2016,Rajiv Gandhi International Stadium Uppal
980948,2016-04-26,2016,Rajiv Gandhi International Stadium Uppal
980958,2016-04-30,2016,Rajiv Gandhi International Stadium Uppal
980972,2016-05-06,2016,Rajiv Gandhi International Stadium Uppal
980988,2016-05-12,2016,Rajiv Gandhi International Stadium Uppal
1082591,2017-04-05,2017,Rajiv Gandhi International Stadium Uppal
1082596,2017-04-09,2017,Rajiv Gandhi International Stadium Uppal
1082609,2017-04-17,2017,Rajiv Gandhi International Stadium Uppal
1082611,2017-04-19,2017,Rajiv Gandhi International Stadium Uppal
1082627,2017-04-30,2017,Rajiv Gandhi International Stadium Uppal
1082634,2017-05-06,2017,Rajiv Gandhi International Stadium Uppal
1082638,2017-05-08,2017,Rajiv Gandhi International Stadium Uppal
1082650,2017-05-21,2017,Rajiv Gandhi International Stadium Uppal
419116,2010-03-15,2010,Sardar Patel Stadium Motera
419123,2010-03-20,2010,Sardar Patel Stadium Motera
419131,2010-03-26,2010,Sardar Patel Stadium Motera
419134,2010-03-28,2010,Sardar Patel Stadium Motera
733984,2014-05-05,2014,Sardar Patel Stadium Motera
733994,2014-05-08,2014,Sardar Patel Stadium Motera
734016,2014-05-15,2014,Sardar Patel Stadium Motera
734022,2014-05-19,2014,Sardar Patel Stadium Motera
829726,2015-04-14,2015,Sardar Patel Stadium Motera
829740,2015-04-19,2015,Sardar Patel Stadium Motera
829746,2015-04-21,2015,Sardar Patel Stadium Motera
829754,2015-04-24,2015,Sardar Patel Stadium Motera
980916,2016-04-14,2016,Saurashtra Cricket Association Stadium
980934,2016-04-21,2016,Saurashtra Cricket Association Stadium
980942,2016-04-24,2016,Saurashtra Cricket Association Stadium
980960,2016-05-01,2016,Saurashtra Cricket Association Stadium
980966,2016-05-03,2016,Saurashtra Cricket Association Stadium
1082593,2017-04-07,2017,Saurashtra Cricket Association Stadium
1082603,2017-04-14,2017,Saurashtra Cricket Association Stadium
1082610,2017-04-18,2017,Saurashtra Cricket Association Stadium
1082616,2017-04-23,2017,Saurashtra Cricket Association Stadium
1082625,2017-04-29,2017,Saurashtra Cricket Association Stadium
335992,2008-04-21,2008,Sawai Mansingh Stadium
336005,2008-05-01,2008,Sawai Mansingh Stadium
336010,2008-05-04,2008,Sawai Mansingh Stadium
336016,2008-05-09,2008,Sawai Mansingh Stadium
336020,2008-05-11,2008,Sawai Mansingh Stadium
336028,2008-05-17,2008,Sawai Mansingh Stadium
336041,2008-05-26,2008,Sawai Mansingh Stadium
419148,2010-04-07,2010,Sawai Mansingh Stadium
419155,2010-04-11,2010,Sawai Mansingh Stadium
419159,2010-04-14,2010,Sawai Mansingh Stadium
501209,2011-04-12,2011,Sawai Mansingh Stadium
501214,2011-04-15,2011,Sawai Mansingh Stadium
501230,2011-04-24,2011,Sawai Mansingh Stadium
501236,2011-04-29,2011,Sawai Mansingh Stadium
501240,2011-05-01,2011,Sawai Mansingh Stadium
501254,2011-05-09,2011,Sawai Mansingh Stadium
501257,2011-05-11,2011,Sawai Mansingh Stadium
548314,2012-04-06,2012,Sawai Mansingh Stadium
548317,2012-04-08,2012,Sawai Mansingh Stadium
548331,2012-04-17,2012,Sawai Mansingh Stadium
548341,2012-04-23,2012,Sawai Mansingh Stadium
548354,2012-05-01,2012,Sawai Mansingh Stadium
548366,2012-05-10,2012,Sawai Mansingh Stadium
548370,2012-05-13,2012,Sawai Mansingh Stadium
548382,2012-05-20,2012,Sawai Mansingh Stadium
598010,2013-04-08,2013,Sawai Mansingh Stadium
598019,2013-04-14,2013,Sawai Mansingh Stadium
598024,2013-04-17,2013,Sawai Mansingh Stadium
598037,2013-04-27,2013,Sawai Mansingh Stadium
598041,2013-04-29,2013,Sawai Mansingh Stadium
598052,2013-05-05,2013,Sawai Mansingh Stadium
598054,2013-05-07,2013,Sawai Mansingh Stadium
598063,2013-05-12,2013,Sawai Mansingh Stadium
598040,2013-04-28,2013,Shaheed Veer Narayan Singh International Stadium
598045,2013-05-01,2013,Shaheed Veer Narayan Singh International Stadium
829798,2015-05-09,2015,Shaheed Veer Narayan Singh International Stadium
829806,2015-05-12,2015,Shaheed Veer Narayan Singh International Stadium
981008,2016-05-20,2016,Shaheed Veer Narayan Singh International Stadium
981016,2016-05-22,2016,Shaheed Veer Narayan Singh International Stadium
729286,2014-04-17,2014,Sharjah Cricket Stadium
729296,2014-04-20,2014,Sharjah Cricket Stadium
729300,2014-04-22,2014,Sharjah Cricket Stadium
729304,2014-04-24,2014,Sharjah Cricket Stadium
729314,2014-04-27,2014,Sharjah Cricket Stadium
729316,2014-04-27,2014,Sharjah Cricket Stadium
729284,2014-04-16,2014,Sheikh Zayed Stadium
729288,2014-04-18,2014,Sheikh Zayed Stadium
729290,2014-04-18,2014,Sheikh Zayed Stadium
729298,2014-04-21,2014,Sheikh Zayed Stadium
729310,2014-04-26,2014,Sheikh Zayed Stadium
729312,2014-04-26,2014,Sheikh Zayed Stadium
729320,2014-04-29,2014,Sheikh Zayed Stadium
392190,2009-04-20,2009,St George's Park
392199,2009-04-26,2009,St George's Park
392202,2009-04-27,2009,St George's Park
392210,2009-05-02,2009,St George's Park
392212,2009-05-03,2009,St George's Park
392223,2009-05-10,2009,St George's Park
392232,2009-05-16,2009,St George's Park
548318,2012-04-08,2012,Subrata Roy Sahara Stadium
548327,2012-04-14,2012,Subrata Roy Sahara Stadium
548342,2012-04-24,2012,Subrata Roy Sahara Stadium
548346,2012-04-26,2012,Subrata Roy Sahara Stadium
548356,2012-05-03,2012,Subrata Roy Sahara Stadium
548363,2012-05-08,2012,Subrata Roy Sahara Stadium
548367,2012-05-11,2012,Subrata Roy Sahara Stadium
548380,2012-05-19,2012,Subrata Roy Sahara Stadium
548383,2012-05-22,2012,Subrata Roy Sahara Stadium
598008,2013-04-07,2013,Subrata Roy Sahara Stadium
598014,2013-04-11,2013,Subrata Roy Sahara Stadium
598023,2013-04-17,2013,Subrata Roy Sahara Stadium
598043,2013-04-30,2013,Subrata Roy Sahara Stadium
598047,2013-05-02,2013,Subrata Roy Sahara Stadium
598058,2013-05-09,2013,Subrata Roy Sahara Stadium
598060,2013-05-11,2013,Subrata Roy Sahara Stadium
598072,2013-05-19,2013,Subrata Roy Sahara Stadium
392203,2009-04-28,2009,SuperSport Park
392206,2009-04-30,2009,SuperSport Park
392207,2009-04-30,2009,SuperSport Park
392217,2009-05-06,2009,SuperSport Park
392218,2009-05-07,2009,SuperSport Park
392219,2009-05-07,2009,SuperSport Park
392226,2009-05-12,2009,SuperSport Park
392227,2009-05-12,2009,SuperSport Park
392236,2009-05-18,2009,SuperSport Park
392240,2009-05-21,2009,SuperSport Park
392241,2009-05-21,2009,SuperSport Park
392242,2009-05-22,2009,SuperSport Park
419146,2010-04-05,2010,Vidarbha Cricket Association Stadium Jamtha
419152,2010-04-10,2010,Vidarbha Cricket Association Stadium Jamtha
419156,2010-04-12,2010,Vidarbha Cricket Association Stadium Jamtha
335990,2008-04-20,2008,Wankhede Stadium
336023,2008-05-14,2008,Wankhede Stadium
336026,2008-05-16,2008,Wankhede Stadium
336033,2008-05-21,2008,Wankhede Stadium
336043,2008-05-30,2008,Wankhede Stadium
336044,2008-05-31,2008,Wankhede Stadium
501215,2011-04-15,2011,Wankhede Stadium
501223,2011-04-20,2011,Wankhede Stadium
501226,2011-04-22,2011,Wankhede Stadium
501242,2011-05-02,2011,Wankhede Stadium
501251,2011-05-07,2011,Wankhede Stadium
501261,2011-05-14,2011,Wankhede Stadium
501268,2011-05-20,2011,Wankhede Stadium
501273,2011-05-24,2011,Wankhede Stadium
501274,2011-05-25,2011,Wankhede Stadium
548313,2012-04-06,2012,Wankhede Stadium
548322,2012-04-11,2012,Wankhede Stadium
548330,2012-04-16,2012,Wankhede Stadium
548339,2012-04-22,2012,Wankhede Stadium
548351,2012-04-29,2012,Wankhede Stadium
548360,2012-05-06,2012,Wankhede Stadium
548365,2012-05-09,2012,Wankhede Stadium
548375,2012-05-16,2012,Wankhede Stadium
598011,2013-04-09,2013,Wankhede Stadium
598016,2013-04-13,2013,Wankhede Stadium
598038,2013-04-27,2013,Wankhede Stadium
598042,2013-04-29,2013,Wankhede Stadium
598051,2013-05-05,2013,Wankhede Stadium
598055,2013-05-07,2013,Wankhede Stadium
598065,2013-05-13,2013,Wankhede Stadium
598068,2013-05-15,2013,Wankhede Stadium
733978,2014-05-03,2014,Wankhede Stadium
733988,2014-05-06,2014,Wankhede Stadium
734000,2014-05-10,2014,Wankhede Stadium
734036,2014-05-23,2014,Wankhede Stadium
734046,2014-05-25,2014,Wankhede Stadium
734052,2014-05-30,2014,Wankhede Stadium
829722,2015-04-12,2015,Wankhede Stadium
829734,2015-04-17,2015,Wankhede Stadium
829756,2015-04-25,2015,Wankhede Stadium
829774,2015-05-01,2015,Wankhede Stadium
829788,2015-05-05,2015,Wankhede Stadium
829800,2015-05-10,2015,Wankhede Stadium
829810,2015-05-14,2015,Wankhede Stadium
829822,2015-05-19,2015,Wankhede Stadium
980906,2016-04-09,2016,Wankhede Stadium
980922,2016-04-16,2016,Wankhede Stadium
980932,2016-04-20,2016,Wankhede Stadium
980952,2016-04-28,2016,Wankhede Stadium
1082597,2017-04-09,2017,Wankhede Stadium
1082600,2017-04-12,2017,Wankhede Stadium
1082606,2017-04-16,2017,Wankhede Stadium
1082614,2017-04-22,2017,Wankhede Stadium
1082618,2017-04-24,2017,Wankhede Stadium
1082628,2017-05-01,2017,Wankhede Stadium
1082641,2017-05-11,2017,Wankhede Stadium
1082647,2017-05-16,2017,Wankhede Stadium
