venue_name,city_name,country_name
M Chinnaswamy Stadium,Bengaluru,India
Punjab Cricket Association Stadium,Mohali,India
Feroz Shah Kotla,Delhi,India
Wankhede Stadium,Mumbai,India
Eden Gardens,Kolkata,India
Sawai Mansingh Stadium,Jaipur,India
Rajiv Gandhi International Stadium Uppal,Hyderabad,India
MA Chidambaram Stadium Chepauk,Chennai,India
Dr DY Patil Sports Academy,Mumbai,India
Newlands,Cape Town,South Africa
St George's Park,Port Elizabeth,South Africa
Kingsmead,Durban,South Africa
SuperSport Park,Centurion,South Africa
Buffalo Park,East London,South Africa
New Wanderers Stadium,Johannesburg,South Africa
De Beers Diamond Oval,Kimberley,South Africa
OUTsurance Oval,Bloemfontein,South Africa
Brabourne Stadium,Mumbai,India
Sardar Patel Stadium Motera,Ahmedabad,India
Barabati Stadium,Cuttack,India
Vidarbha Cricket Association Stadium Jamtha,Nagpur,India
Himachal Pradesh Cricket Association Stadium,Dharamsala,India
Nehru Stadium,Kochi,India
Holkar Cricket Stadium,Indore,India
Dr. Y.S. Rajasekhara Reddy ACA-VDCA Cricket Stadium,Visakhapatnam,India
Subrata Roy Sahara Stadium,Pune,India
Shaheed Veer Narayan Singh International Stadium,Raipur,India
JSCA International Stadium Complex,Ranchi,India
Sheikh Zayed Stadium,Abu Dhabi,U.A.E
Sharjah Cricket Stadium,Abu Dhabi,U.A.E
Dubai International Cricket Stadium,Abu Dhabi,U.A.E
Maharashtra Cricket Association Stadium,Pune,India
Saurashtra Cricket Association Stadium,Rajkot,India
Green Park,Kanpur,India
